{"average":"218.74606 MB","max":"301.8369 MB","usecasename":"Sample","values":{"169S":198.13672,"808S":230.1377,"917S":219.33008,"120S":233.62305,"253S":208.09961,"144S":198.13574,"277S":246.75684,"168S":198.14453,"386S":208.43457,"495S":209.70117,"362S":208.53223,"471S":209.77246,"580S":227.35449,"279S":204.07812,"809S":230.13086,"918S":219.33203,"230S":208.3623,"121S":223.20117,"254S":208.09961,"145S":211.22949,"278S":217.36328,"387S":208.42285,"496S":209.8457,"363S":208.5293,"472S":209.76074,"581S":227.3623,"690S":229.17871,"389S":208.41992,"147S":198.13574,"919S":219.32227,"340S":211.91406,"231S":208.31445,"122S":230.94336,"255S":208.09766,"146S":198.13184,"388S":208.42676,"497S":209.83008,"364S":208.5332,"80S":211.61816,"473S":209.7373,"582S":230.10156,"691S":229.22461,"499S":209.82227,"257S":208.07227,"148S":198.13184,"341S":212.04199,"232S":208.26074,"123S":236.24805,"256S":208.08789,"498S":209.83105,"365S":208.5293,"81S":211.61816,"474S":209.70312,"583S":230.13184,"450S":223.62402,"692S":229.32227,"367S":208.5332,"125S":234.90625,"258S":208.08203,"149S":198.13184,"100S":209.65332,"342S":212.0332,"233S":208.30762,"124S":223.26953,"366S":208.5293,"82S":211.61914,"475S":209.71094,"584S":230.11621,"693S":229.32227,"451S":223.6748,"560S":227.33887,"368S":208.5918,"477S":209.96777,"235S":208.20215,"126S":235.88965,"259S":208.09961,"210S":197.98242,"101S":221.0752,"343S":212.03418,"234S":208.54102,"83S":211.62207,"476S":209.96094,"585S":230.10547,"452S":223.60449,"561S":227.28418,"694S":229.1582,"670S":229.36719,"369S":208.5791,"478S":209.95312,"587S":230.1211,"103S":209.63965,"345S":212.26367,"236S":208.33887,"127S":236.05566,"320S":230.75293,"211S":198.01562,"84S":211.62598,"102S":209.63965,"344S":212.2959,"586S":230.10938,"695S":229.19824,"60S":211.71387,"453S":215.70996,"562S":241.98633,"671S":229.35059,"780S":230.72559,"479S":209.95215,"588S":230.10449,"697S":229.10156,"455S":215.70605,"213S":197.98633,"104S":209.63965,"346S":212.22852,"237S":208.33887,"128S":236.22949,"85S":211.60352,"321S":212.04883,"212S":197.9961,"61S":211.76465,"454S":223.62793,"563S":240.90723,"696S":229.17383,"430S":209.9209,"781S":230.71387,"672S":229.35059,"890S":234.37207,"589S":230.10938,"456S":221.2998,"565S":227.21289,"698S":243.50684,"323S":212.22266,"214S":197.97266,"105S":209.64453,"347S":212.51465,"238S":208.31152,"129S":230.63672,"86S":211.59473,"62S":211.73047,"322S":212.02148,"564S":241.12012,"673S":229.36621,"431S":223.91992,"891S":230.49316,"540S":222.27734,"782S":230.7334,"699S":228.88574,"457S":210.10156,"566S":227.20508,"675S":229.35449,"433S":216.4707,"324S":212.23633,"215S":197.97363,"106S":214.12207,"348S":212.50195,"239S":208.30664,"87S":211.73535,"63S":211.78027,"432S":223.28418,"783S":230.75293,"892S":229.14551,"541S":233.96484,"674S":229.35449,"650S":229.37695,"458S":210.0039,"567S":241.59473,"434S":222.49805,"785S":230.73047,"543S":235.83203,"676S":229.36328,"301S":214.38281,"325S":212.11914,"216S":197.97852,"107S":218.57324,"349S":212.50977,"88S":211.63867,"64S":211.73438,"40S":212.88086,"300S":215.17578,"542S":235.64453,"651S":229.36914,"784S":230.72656,"760S":231.32812,"893S":234.3877,"459S":209.78906,"568S":227.32617,"677S":229.34766,"435S":223.25098,"895S":233.39551,"544S":221.64453,"653S":229.36133,"411S":208.12598,"786S":230.86328,"302S":201.20703,"326S":212.19043,"217S":198.37695,"108S":210.57227,"89S":211.35645,"65S":211.75,"41S":212.95215,"410S":208.12207,"761S":231.31934,"870S":215.74219,"652S":229.34473,"894S":229.65332,"569S":227.38867,"436S":216.81738,"787S":230.85449,"896S":219.50488,"545S":221.64453,"678S":229.38574,"412S":208.12598,"763S":230.72168,"521S":209.50195,"654S":229.34668,"303S":215.14062,"327S":212.13965,"218S":232.46387,"109S":209.78906,"66S":211.9668,"42S":212.43555,"520S":209.54102,"762S":231.31543,"871S":231.39844,"679S":229.3623,"437S":209.9961,"546S":236.41016,"655S":229.33887,"413S":208.12598,"788S":230.85449,"873S":230.39844,"522S":222.88477,"631S":229.38867,"764S":230.72656,"897S":219.49316,"304S":201.21484,"328S":212.18164,"219S":202.77051,"67S":212.05176,"43S":212.18555,"630S":229.36523,"872S":230.9375,"438S":210.00781,"789S":230.64355,"547S":236.36328,"414S":219.99707,"765S":230.72266,"874S":229.4375,"523S":209.49902,"656S":229.35156,"741S":245.81738,"898S":235.1416,"632S":229.38086,"305S":201.1289,"329S":212.19727,"68S":212.02832,"44S":212.1123,"20S":183.91406,"740S":245.64551,"439S":209.91895,"899S":232.02832,"548S":241.3623,"657S":229.34668,"415S":219.30566,"524S":209.47461,"633S":229.36914,"766S":230.71777,"851S":230.47754,"500S":209.83398,"742S":246.56543,"875S":229.63672,"306S":201.1289,"69S":212.04883,"45S":211.88477,"21S":183.90234,"850S":230.47754,"549S":226.96777,"416S":250.61719,"767S":230.72559,"525S":218.53711,"658S":229.35156,"743S":244.1709,"852S":230.48535,"501S":209.83105,"634S":229.38477,"876S":235.08398,"610S":230.0332,"307S":201.1289,"46S":211.88867,"22S":183.91113,"659S":229.34277,"417S":237.70312,"877S":233.05078,"526S":222.81934,"635S":229.45898,"768S":230.72168,"502S":209.83008,"611S":229.9209,"744S":246.58496,"720S":243.38672,"853S":230.46973,"308S":214.52344,"47S":211.76367,"23S":183.9043,"309S":201.14062,"418S":208.71094,"769S":230.71777,"878S":229.51172,"527S":209.45605,"745S":231.6748,"503S":209.8418,"636S":229.44824,"721S":242.91797,"830S":230.58789,"612S":229.90918,"854S":230.46973,"48S":211.75977,"24S":183.91113,"190S":197.81738,"528S":223.74512,"637S":229.49121,"855S":230.47656,"504S":209.8418,"613S":229.89648,"746S":246.82324,"879S":233.76562,"722S":243.39062,"831S":230.57617,"49S":211.69727,"419S":219.39648,"25S":183.91113,"191S":197.93164,"747S":244.31543,"856S":230.50977,"505S":209.82715,"638S":229.47949,"723S":241.73828,"614S":229.89258,"832S":230.58398,"26S":183.92383,"529S":209.79199,"192S":197.84766,"506S":209.83496,"615S":229.88965,"748S":231.6709,"833S":230.57324,"724S":243.0039,"857S":239.63574,"700S":228.88574,"27S":183.93164,"639S":229.46289,"193S":197.85156,"725S":242.30469,"834S":230.57324,"616S":229.57715,"701S":243.46777,"858S":242.14355,"810S":230.13477,"28S":183.91211,"749S":231.18652,"507S":209.83496,"194S":197.88965,"170S":198.14062,"726S":242.80078,"811S":230.11426,"702S":233.2959,"835S":230.70215,"920S":219.32715,"29S":183.90723,"859S":230.2334,"508S":209.83789,"617S":229.51367,"195S":197.875,"280S":217.22656,"171S":211.23535,"703S":240.63574,"812S":230.10352,"921S":219.32129,"836S":230.69824,"509S":209.8418,"727S":240.02344,"618S":229.47559,"172S":211.19922,"390S":208.42676,"196S":197.85254,"281S":204.10156,"922S":219.32324,"704S":240.58496,"813S":230.11133,"619S":229.47461,"837S":230.70312,"728S":242.55078,"282S":214.39844,"391S":208.48535,"173S":198.0625,"197S":197.72754,"814S":230.10352,"923S":219.33398,"729S":243.01562,"838S":230.71094,"705S":242.03809,"150S":207.34668,"283S":215.16406,"174S":198.05957,"198S":197.72949,"392S":208.43945,"900S":219.57031,"924S":219.32129,"815S":230.10449,"706S":243.44434,"839S":230.71094,"260S":220.57715,"151S":198.13281,"284S":212.39062,"175S":198.03906,"199S":197.72754,"393S":208.39258,"901S":219.59082,"707S":243.46777,"816S":230.10059,"925S":219.32324,"261S":207.91699,"152S":198.12793,"285S":201.24219,"176S":198.20508,"394S":208.39941,"370S":208.52441,"902S":219.62695,"926S":219.30957,"708S":228.7334,"817S":230.10742,"262S":207.91699,"153S":211.20215,"286S":215.16797,"177S":198.19727,"395S":208.45898,"371S":208.5166,"480S":209.95312,"709S":243.88965,"903S":219.62695,"818S":230.08789,"927S":219.33105,"130S":236.53516,"263S":219.13965,"154S":198.14062,"287S":214.64062,"178S":198.14453,"396S":208.46191,"372S":208.52539,"481S":209.95312,"590S":230.1211,"819S":229.90137,"904S":219.62305,"928S":219.44434,"240S":208.24316,"131S":235.82324,"264S":207.97949,"155S":198.12793,"288S":213.88281,"179S":198.13672,"397S":208.3916,"373S":208.51758,"482S":209.92871,"591S":230.10449,"929S":219.4414,"905S":219.62012,"350S":212.58496,"241S":208.22754,"132S":231.32129,"265S":220.82715,"156S":211.21777,"289S":214.71875,